{
    "sso": 213004520,
    "viewSuspendedEmployees": false,
    "workAssignment": {
        "ifg": "GE Corporate",
        "jobFamily": "Business Solutions",
        "subBusiness": "IT Corporate Information Services",
        "city": "Fairfield",
        "zip": "06828",
        "email": null,
        "phone": null,
        "dcomm": null,
        "mobile": null,
        "mailstop": null,
        "internalLocation": null,
        "businessSegment": "Corporate IT and Initiatives",
        "jobFunction": "Information Technology",
        "address1": "3135 Easton Turnpike",
        "positionTitle": "CIO - Global Functions IT",
        "ifgId": null,
        "businessSegmentId": null,
        "subBusinessId": null,
        "orgId": null,
        "employeeType": "Employee",
        "managerName": "Miller, Jamie",
        "hrManager": 200001887,
        "hrManagerName": "Halligan, Pamela",
        "localHrManager": null,
        "localHrManagerName": null,
        "positionType": null,
        "id": null,
        "state": "CT",
        "country": "US",
        "manager": 217016008,
        "waId": null,
        "jobType": null,
        "org": "Corporate IT CIS Staff Americas",
        "address2": null,
        "address3": null,
        "legalEntity": "General Electric Company",
        "granted": true
    },
    "historyList": null,
    "workAssignmentRestrd": {
        "band": "LPB",
        "localBand": null,
        "costCenter": null,
        "id": null,
        "waId": null,
        "jobType": "Executive 2 - Business Solutions",
        "bandDate": null,
        "dateFirstHired": null,
        "aquiredServiceDate": null,
        "adjustedServiceDate": null,
        "gmeInfoHomeCountry": null,
        "adn": null,
        "buc": null,
        "serciveDates": null,
        "monthsInPosition": null,
        "headcountCostCenterCode": null,
        "payrollName": "US Corporate - Bi-Weekly",
        "payrollProcessorCode": "CPARS - Schenectady",
        "monthsInBusiness": null,
        "monthsInJob": 12,
        "granted": true
    },
    "superHierarchyPerInfoList": {
        "list": [
            {
                "sso": 217016008,
                "lastName": "Miller",
                "firstName": "Jamie",
                "positionTitle": null,
                "level": 1,
                "granted": true
            },
            {
                "sso": 212013170,
                "lastName": "Immelt",
                "firstName": "Jeffrey",
                "positionTitle": null,
                "level": 2,
                "granted": true
            }
        ],
        "empty": false,
        "granted": true
    },
    "directReptsPerInfoList": null,
    "directReptsAssignmtList": {
        "list": [
            {
                "sso": 214017243,
                "lastName": "Banerjee",
                "firstName": "Shilpa",
                "positionTitle": "CIO - Corporate Systems",
                "granted": true
            },
            {
                "sso": 204004607,
                "lastName": "Brooks",
                "firstName": "Matthew",
                "positionTitle": "IT Leader – Workforce Data & Analytics      ",
                "granted": true
            },
            {
                "sso": 203005867,
                "lastName": "Dzierga",
                "firstName": "Andrew",
                "positionTitle": "Senior Team Leader - Business Solutions",
                "granted": true
            },
            {
                "sso": 208019272,
                "lastName": "Elkhiamy",
                "firstName": "Nuha",
                "positionTitle": "Executive IT Leader, Employee Performance Solutions",
                "granted": true
            },
            {
                "sso": 204005308,
                "lastName": "Faro",
                "firstName": "Mary Anne",
                "positionTitle": "CIO, Employee Technology and Services",
                "granted": true
            },
            {
                "sso": 200007301,
                "lastName": "Haq",
                "firstName": "Visharam",
                "positionTitle": "Senior Team Leader- Prod Ops & ERP Technologies",
                "granted": true
            },
            {
                "sso": 212443800,
                "lastName": "Wilkinson",
                "firstName": "Jeffrey",
                "positionTitle": "CIO, Commercial & Marketing Systems",
                "granted": true
            },
            {
                "sso": 222019314,
                "lastName": "Wilson",
                "firstName": "Patricia",
                "positionTitle": "GE Corporate AMSTC Administrative Assistant",
                "granted": true
            }
        ],
        "empty": false,
        "granted": true
    },
    "dottedLineDirectReptsList": {
        "list": [
            {
                "sso": 221009652,
                "lastName": "Duddala",
                "firstName": "Karthik",
                "positionTitle": "IT Leader - Global HR Initiatives & HR IT Leader in OHR",
                "granted": true
            },
            {
                "sso": 302014453,
                "lastName": "Mukherjee",
                "firstName": "Kaushik",
                "positionTitle": "IT Leader, Employee Technology Initiatives",
                "granted": true
            }
        ],
        "empty": false,
        "granted": true
    },
    "workAssignmentHistInt": null,
    "localBand": {
        "band": null,
        "localBand": "LP",
        "costCenter": null,
        "id": null,
        "waId": null,
        "jobType": null,
        "bandDate": null,
        "dateFirstHired": null,
        "aquiredServiceDate": null,
        "adjustedServiceDate": null,
        "gmeInfoHomeCountry": null,
        "adn": null,
        "buc": null,
        "serciveDates": null,
        "monthsInPosition": null,
        "headcountCostCenterCode": null,
        "payrollName": null,
        "payrollProcessorCode": null,
        "monthsInBusiness": null,
        "monthsInJob": null,
        "granted": true
    },
    "costCenter": {
        "band": null,
        "localBand": null,
        "costCenter": "SYD733",
        "id": null,
        "waId": null,
        "jobType": null,
        "bandDate": null,
        "dateFirstHired": null,
        "aquiredServiceDate": null,
        "adjustedServiceDate": null,
        "gmeInfoHomeCountry": null,
        "adn": "601CISSYD7330000000000",
        "buc": "N/A",
        "serciveDates": null,
        "monthsInPosition": null,
        "headcountCostCenterCode": null,
        "payrollName": null,
        "payrollProcessorCode": null,
        "monthsInBusiness": null,
        "monthsInJob": null,
        "granted": true
    },
    "dottedLineManager": {
        "sso": null,
        "dottedLineManager": null,
        "dottedLineManagerName": null,
        "granted": true
    },
    "contingentWorkerReptsList": {
        "list": [],
        "empty": true,
        "granted": true
    },
    "headCountCostCenter": {
        "band": null,
        "localBand": null,
        "costCenter": null,
        "id": null,
        "waId": null,
        "jobType": null,
        "bandDate": null,
        "dateFirstHired": null,
        "aquiredServiceDate": null,
        "adjustedServiceDate": null,
        "gmeInfoHomeCountry": null,
        "adn": null,
        "buc": null,
        "serciveDates": null,
        "monthsInPosition": null,
        "headcountCostCenterCode": "SYD733",
        "payrollName": null,
        "payrollProcessorCode": null,
        "monthsInBusiness": null,
        "monthsInJob": null,
        "granted": true
    },
    "directReptList": null,
    "dottedLineReptList": null,
    "contingentLineReptList": null,
    "id": 213004520,
    "success": true,
    "errorMesage": null
}