{
    "sso": 213004520,
    "viewSuspendedEmployees": true,
    "id": 213004520,
    "format": "JSON",
    "contingentReportList": {
        "list": [],
        "empty": true,
        "granted": true
    },
    "fullname": null,
    "directReportList": {
        "list": [
            {
                "business": "Corporate IT and Initiatives",
                "subBusiness": "IT Corporate Information Services",
                "sso": 200007301,
                "lastName": "Haq",
                "firstName": "Visharam",
                "email": "Abdul.Haq@ge.com",
                "positionTitle": "Senior Team Leader- Prod Ops & ERP Technologies",
                "vendor": null,
                "fnction": "Information Technology",
                "granted": true
            },
            {
                "business": "Corporate IT and Initiatives",
                "subBusiness": "IT Corporate Information Services",
                "sso": 208019272,
                "lastName": "Elkhiamy",
                "firstName": "Nuha",
                "email": "Nuha.Elkhiamy@ge.com",
                "positionTitle": "Executive IT Leader, Employee Performance Solutions",
                "vendor": null,
                "fnction": "Information Technology",
                "granted": true
            },
            {
                "business": "Corporate IT and Initiatives",
                "subBusiness": "IT Corporate Information Services",
                "sso": 203005867,
                "lastName": "Dzierga",
                "firstName": "Andrew",
                "email": "Andrew.Dzierga@ge.com",
                "positionTitle": "Senior Team Leader - Business Solutions",
                "vendor": null,
                "fnction": "Information Technology",
                "granted": true
            },
            {
                "business": "Corporate IT and Initiatives",
                "subBusiness": "IT Corporate Information Services",
                "sso": 204004607,
                "lastName": "Brooks",
                "firstName": "Matthew",
                "email": "matt.brooks@ge.com",
                "positionTitle": "IT Leader – Workforce Data & Analytics      ",
                "vendor": null,
                "fnction": "Information Technology",
                "granted": true
            },
            {
                "business": "Corporate IT and Initiatives",
                "subBusiness": "IT Corporate Information Services",
                "sso": 212443800,
                "lastName": "Wilkinson",
                "firstName": "Jeffrey",
                "email": "jeffrey.wilkinson@ge.com",
                "positionTitle": "CIO, Commercial & Marketing Systems",
                "vendor": null,
                "fnction": "Information Technology",
                "granted": true
            },
            {
                "business": "Corporate IT and Initiatives",
                "subBusiness": "IT Corporate Information Services",
                "sso": 204005308,
                "lastName": "Faro",
                "firstName": "Mary Anne",
                "email": "maryanne.faro@ge.com",
                "positionTitle": "CIO, Employee Technology and Services",
                "vendor": null,
                "fnction": "Information Technology",
                "granted": true
            },
            {
                "business": "Corporate IT and Initiatives",
                "subBusiness": "IT Corporate Information Services",
                "sso": 222019314,
                "lastName": "Wilson",
                "firstName": "Patricia",
                "email": "patricia.wilson1@ge.com",
                "positionTitle": "GE Corporate AMSTC Administrative Assistant",
                "vendor": null,
                "fnction": "Information Technology",
                "granted": true
            },
            {
                "business": "Corporate IT and Initiatives",
                "subBusiness": "IT Corporate Information Services",
                "sso": 214017243,
                "lastName": "Banerjee",
                "firstName": "Shilpa",
                "email": "shilpa.banerjee@ge.com",
                "positionTitle": "CIO - Corporate Systems",
                "vendor": null,
                "fnction": "Information Technology",
                "granted": true
            }
        ],
        "empty": false,
        "granted": true
    },
    "reportList": null,
    "dottedReportList": {
        "list": [
            {
                "business": "Corporate IT and Initiatives",
                "subBusiness": "IT Corporate Information Services",
                "sso": 221009652,
                "lastName": "Duddala",
                "firstName": "Karthik",
                "email": "karthik.duddala@ge.com",
                "positionTitle": "IT Leader - Global HR Initiatives & HR IT Leader in OHR",
                "vendor": null,
                "fnction": "Information Technology",
                "granted": true
            },
            {
                "business": "Corporate IT and Initiatives",
                "subBusiness": "IT Corporate Information Services",
                "sso": 302014453,
                "lastName": "Mukherjee",
                "firstName": "Kaushik",
                "email": "kaushik.mukherjee1@ge.com",
                "positionTitle": "IT Leader, Employee Technology Initiatives",
                "vendor": null,
                "fnction": "Information Technology",
                "granted": true
            }
        ],
        "empty": false,
        "granted": true
    },
    "success": true,
    "errorMesage": null
}